<?xml version="1.0" encoding="utf-8"?>
<!--/606700/657123/2.49/8/0/Integrated Circuit/-->
<quadcept_library>
  <setting unit="mil" />
  <textstyle name="Default" height="47.244094488189" strokewidth="7.8740157480315" charwidth="47.244094488189" />
  <textstyle name="Dimension" height="19.6850393700787" strokewidth="0" charwidth="19.6850393700787" />
  <textstyle name="H127W0635TH00762" height="50" strokewidth="3" charwidth="25" />
  <textstyle name="H15W15TH02" height="59.0551181102362" strokewidth="7.8740157480315" charwidth="59.0551181102362" />
  <padstyle name="r137.16_45.72" surface="True" plated="False" isvia="False" nopaste="False" nomask="True" complex="False" holesize="0">
    <padshape layer="TOP" shape="rectangle" width="18" height="53.999999999999" />
    <padshape layer="TOP_SOLDER_MASK" shape="rectangle" width="25.874015748031" height="61.874015748031" />
    <padshape layer="TOP_SOLDER_PASTE" shape="rectangle" width="18" height="53.999999999999" />
  </padstyle>
  <footprint name="SOP65P490X110-8N" originx="0" originy="0" pickpointx="0" pickpointy="0">
    <pcbpin number="1" name="1" style="r137.16_45.72" originx="-86.999999999999" originy="38" rotation="90" />
    <pcbpin number="2" name="2" style="r137.16_45.72" originx="-86.999999999999" originy="13" rotation="90" />
    <pcbpin number="3" name="3" style="r137.16_45.72" originx="-86.999999999999" originy="-13" rotation="90" />
    <pcbpin number="4" name="4" style="r137.16_45.72" originx="-86.999999999999" originy="-38" rotation="90" />
    <pcbpin number="5" name="5" style="r137.16_45.72" originx="86.999999999999" originy="-38" rotation="90" />
    <pcbpin number="6" name="6" style="r137.16_45.72" originx="86.999999999999" originy="-13" rotation="90" />
    <pcbpin number="7" name="7" style="r137.16_45.72" originx="86.999999999999" originy="13" rotation="90" />
    <pcbpin number="8" name="8" style="r137.16_45.72" originx="86.999999999999" originy="38" rotation="90" />
    <line layer="TOP_SILKSCREEN" originx="-53.999999999999" originy="-58.999999999999" endx="53.999999999999" endy="-58.999999999999" width="5.9999999999999" />
    <line layer="TOP_SILKSCREEN" originx="53.999999999999" originy="58.999999999999" endx="12" endy="58.999999999999" width="5.9999999999999" />
    <line layer="TOP_SILKSCREEN" originx="12" originy="58.999999999999" endx="-12" endy="58.999999999999" width="5.9999999999999" />
    <line layer="TOP_SILKSCREEN" originx="-12" originy="58.999999999999" endx="-53.999999999999" endy="58.999999999999" width="5.9999999999999" />
    <line layer="TOP_ASSEMBLY" originx="-58.999999999999" originy="31" endx="-58.999999999999" endy="45.999999999999" width="5.9999999999999" />
    <line layer="TOP_ASSEMBLY" originx="-58.999999999999" originy="45.999999999999" endx="-98.999999999999" endy="45.999999999999" width="5.9999999999999" />
    <line layer="TOP_ASSEMBLY" originx="-98.999999999999" originy="45.999999999999" endx="-98.999999999999" endy="31" width="5.9999999999999" />
    <line layer="TOP_ASSEMBLY" originx="-98.999999999999" originy="31" endx="-58.999999999999" endy="31" width="5.9999999999999" />
    <line layer="TOP_ASSEMBLY" originx="-58.999999999999" originy="4.9999999999999" endx="-58.999999999999" endy="21" width="5.9999999999999" />
    <line layer="TOP_ASSEMBLY" originx="-58.999999999999" originy="21" endx="-98.999999999999" endy="21" width="5.9999999999999" />
    <line layer="TOP_ASSEMBLY" originx="-98.999999999999" originy="21" endx="-98.999999999999" endy="4.9999999999999" width="5.9999999999999" />
    <line layer="TOP_ASSEMBLY" originx="-98.999999999999" originy="4.9999999999999" endx="-58.999999999999" endy="4.9999999999999" width="5.9999999999999" />
    <line layer="TOP_ASSEMBLY" originx="-58.999999999999" originy="-21" endx="-58.999999999999" endy="-4.9999999999999" width="5.9999999999999" />
    <line layer="TOP_ASSEMBLY" originx="-58.999999999999" originy="-4.9999999999999" endx="-98.999999999999" endy="-4.9999999999999" width="5.9999999999999" />
    <line layer="TOP_ASSEMBLY" originx="-98.999999999999" originy="-4.9999999999999" endx="-98.999999999999" endy="-21" width="5.9999999999999" />
    <line layer="TOP_ASSEMBLY" originx="-98.999999999999" originy="-21" endx="-58.999999999999" endy="-21" width="5.9999999999999" />
    <line layer="TOP_ASSEMBLY" originx="-58.999999999999" originy="-45.999999999999" endx="-58.999999999999" endy="-31" width="5.9999999999999" />
    <line layer="TOP_ASSEMBLY" originx="-58.999999999999" originy="-31" endx="-98.999999999999" endy="-31" width="5.9999999999999" />
    <line layer="TOP_ASSEMBLY" originx="-98.999999999999" originy="-31" endx="-98.999999999999" endy="-45.999999999999" width="5.9999999999999" />
    <line layer="TOP_ASSEMBLY" originx="-98.999999999999" originy="-45.999999999999" endx="-58.999999999999" endy="-45.999999999999" width="5.9999999999999" />
    <line layer="TOP_ASSEMBLY" originx="58.999999999999" originy="-31" endx="58.999999999999" endy="-45.999999999999" width="5.9999999999999" />
    <line layer="TOP_ASSEMBLY" originx="58.999999999999" originy="-45.999999999999" endx="98.999999999999" endy="-45.999999999999" width="5.9999999999999" />
    <line layer="TOP_ASSEMBLY" originx="98.999999999999" originy="-45.999999999999" endx="98.999999999999" endy="-31" width="5.9999999999999" />
    <line layer="TOP_ASSEMBLY" originx="98.999999999999" originy="-31" endx="58.999999999999" endy="-31" width="5.9999999999999" />
    <line layer="TOP_ASSEMBLY" originx="58.999999999999" originy="-4.9999999999999" endx="58.999999999999" endy="-21" width="5.9999999999999" />
    <line layer="TOP_ASSEMBLY" originx="58.999999999999" originy="-21" endx="98.999999999999" endy="-21" width="5.9999999999999" />
    <line layer="TOP_ASSEMBLY" originx="98.999999999999" originy="-21" endx="98.999999999999" endy="-4.9999999999999" width="5.9999999999999" />
    <line layer="TOP_ASSEMBLY" originx="98.999999999999" originy="-4.9999999999999" endx="58.999999999999" endy="-4.9999999999999" width="5.9999999999999" />
    <line layer="TOP_ASSEMBLY" originx="58.999999999999" originy="21" endx="58.999999999999" endy="4.9999999999999" width="5.9999999999999" />
    <line layer="TOP_ASSEMBLY" originx="58.999999999999" originy="4.9999999999999" endx="98.999999999999" endy="4.9999999999999" width="5.9999999999999" />
    <line layer="TOP_ASSEMBLY" originx="98.999999999999" originy="4.9999999999999" endx="98.999999999999" endy="21" width="5.9999999999999" />
    <line layer="TOP_ASSEMBLY" originx="98.999999999999" originy="21" endx="58.999999999999" endy="21" width="5.9999999999999" />
    <line layer="TOP_ASSEMBLY" originx="58.999999999999" originy="45.999999999999" endx="58.999999999999" endy="31" width="5.9999999999999" />
    <line layer="TOP_ASSEMBLY" originx="58.999999999999" originy="31" endx="98.999999999999" endy="31" width="5.9999999999999" />
    <line layer="TOP_ASSEMBLY" originx="98.999999999999" originy="31" endx="98.999999999999" endy="45.999999999999" width="5.9999999999999" />
    <line layer="TOP_ASSEMBLY" originx="98.999999999999" originy="45.999999999999" endx="58.999999999999" endy="45.999999999999" width="5.9999999999999" />
    <line layer="TOP_ASSEMBLY" originx="-58.999999999999" originy="58.999999999999" endx="-58.999999999999" endy="-58.999999999999" width="5.9999999999999" />
    <line layer="TOP_ASSEMBLY" originx="-58.999999999999" originy="-58.999999999999" endx="58.999999999999" endy="-58.999999999999" width="5.9999999999999" />
    <line layer="TOP_ASSEMBLY" originx="58.999999999999" originy="-58.999999999999" endx="58.999999999999" endy="58.999999999999" width="5.9999999999999" />
    <line layer="TOP_ASSEMBLY" originx="58.999999999999" originy="58.999999999999" endx="12" endy="58.999999999999" width="5.9999999999999" />
    <line layer="TOP_ASSEMBLY" originx="12" originy="58.999999999999" endx="-12" endy="58.999999999999" width="5.9999999999999" />
    <line layer="TOP_ASSEMBLY" originx="-12" originy="58.999999999999" endx="-58.999999999999" endy="58.999999999999" width="5.9999999999999" />
  </footprint>
  <symbol name="REG113EA-3.3_250" originx="0" originy="0">
    <line originx="200" originy="100" endx="1000" endy="100" width="0" />
    <line originx="1000" originy="-400" endx="1000" endy="100" width="0" />
    <line originx="1000" originy="-400" endx="200" endy="-400" width="0" />
    <line originx="200" originy="100" endx="200" endy="-400" width="0" />
    <sympin number="1" originx="200" originy="0" rotation="180" length="100" width="7.8740157480315" flipped="False">
      <text name="pinname" originx="230" originy="0" style="Default" rotation="0" justify="left" flipped="False" hidden="False" data="EN" />
      <text name="pindes" originx="140" originy="20" style="Default" rotation="0" justify="lowerright" flipped="False" hidden="False" data="1" />
    </sympin>
    <sympin number="2" originx="200" originy="-100" rotation="180" length="100" width="7.8740157480315" flipped="False">
      <text name="pinname" originx="230" originy="-100" style="Default" rotation="0" justify="left" flipped="False" hidden="False" data="VIN" />
      <text name="pindes" originx="140" originy="-80" style="Default" rotation="0" justify="lowerright" flipped="False" hidden="False" data="2" />
    </sympin>
    <sympin number="3" originx="200" originy="-200" rotation="180" length="100" width="7.8740157480315" flipped="False">
      <text name="pinname" originx="230" originy="-200" style="Default" rotation="0" justify="left" flipped="False" hidden="False" data="VOUT" />
      <text name="pindes" originx="140" originy="-180" style="Default" rotation="0" justify="lowerright" flipped="False" hidden="False" data="3" />
    </sympin>
    <sympin number="4" originx="200" originy="-300" rotation="180" length="100" width="7.8740157480315" flipped="False">
      <text name="pinname" originx="230" originy="-300" style="Default" rotation="0" justify="left" flipped="False" hidden="False" data="NR" />
      <text name="pindes" originx="140" originy="-280" style="Default" rotation="0" justify="lowerright" flipped="False" hidden="False" data="4" />
    </sympin>
    <sympin number="5" originx="1000" originy="-300" rotation="0" length="100" width="7.8740157480315" flipped="False">
      <text name="pinname" originx="970" originy="-300" style="Default" rotation="0" justify="right" flipped="False" hidden="False" data="GND_2" />
      <text name="pindes" originx="1060" originy="-280" style="Default" rotation="0" justify="lowerleft" flipped="False" hidden="False" data="5" />
    </sympin>
    <sympin number="6" originx="1000" originy="-200" rotation="0" length="100" width="7.8740157480315" flipped="False">
      <text name="pinname" originx="970" originy="-200" style="Default" rotation="0" justify="right" flipped="False" hidden="False" data="GND_3" />
      <text name="pindes" originx="1060" originy="-180" style="Default" rotation="0" justify="lowerleft" flipped="False" hidden="False" data="6" />
    </sympin>
    <sympin number="7" originx="1000" originy="-100" rotation="0" length="100" width="7.8740157480315" flipped="False">
      <text name="pinname" originx="970" originy="-100" style="Default" rotation="0" justify="right" flipped="False" hidden="False" data="GND_4" />
      <text name="pindes" originx="1060" originy="-80" style="Default" rotation="0" justify="lowerleft" flipped="False" hidden="False" data="7" />
    </sympin>
    <sympin number="8" originx="1000" originy="0" rotation="0" length="100" width="7.8740157480315" flipped="False">
      <text name="pinname" originx="970" originy="0" style="Default" rotation="0" justify="right" flipped="False" hidden="False" data="GND" />
      <text name="pindes" originx="1060" originy="20" style="Default" rotation="0" justify="lowerleft" flipped="False" hidden="False" data="8" />
    </sympin>
  </symbol>
  <component name="REG113EA-3.3_250" designatorprefix="IC" height="0" footprint="SOP65P490X110-8N">
    <comppin designator="1" sympin="1" pinswap="0" gateswap="0" gate="1" group="1" side="" type="Any" name="EN" />
    <comppin designator="2" sympin="2" pinswap="0" gateswap="0" gate="1" group="1" side="" type="Any" name="VIN" />
    <comppin designator="3" sympin="3" pinswap="0" gateswap="0" gate="1" group="1" side="" type="Any" name="VOUT" />
    <comppin designator="4" sympin="4" pinswap="0" gateswap="0" gate="1" group="1" side="" type="Any" name="NR" />
    <comppin designator="5" sympin="5" pinswap="0" gateswap="0" gate="1" group="1" side="" type="Any" name="GND_2" />
    <comppin designator="6" sympin="6" pinswap="0" gateswap="0" gate="1" group="1" side="" type="Any" name="GND_3" />
    <comppin designator="7" sympin="7" pinswap="0" gateswap="0" gate="1" group="1" side="" type="Any" name="GND_4" />
    <comppin designator="8" sympin="8" pinswap="0" gateswap="0" gate="1" group="1" side="" type="Any" name="GND" />
    <attached_symbol gate="1" name="REG113EA-3.3_250" />
    <pinmap designator="1" footprintpin="1" />
    <pinmap designator="2" footprintpin="2" />
    <pinmap designator="3" footprintpin="3" />
    <pinmap designator="4" footprintpin="4" />
    <pinmap designator="5" footprintpin="5" />
    <pinmap designator="6" footprintpin="6" />
    <pinmap designator="7" footprintpin="7" />
    <pinmap designator="8" footprintpin="8" />
    <text name="Datasheet" originx="0" originy="0" style="Default" rotation="0" justify="" flipped="False" hidden="True" data="http://www.ti.com/lit/gpn/reg113" />
    <text name="Description" originx="0" originy="0" style="Default" rotation="0" justify="" flipped="False" hidden="True" data="400mA, Low-Noise, Low-Dropout Regulator" />
    <text name="Mouser Part Number" originx="0" originy="0" style="Default" rotation="0" justify="" flipped="False" hidden="True" data="595-REG113EA-3.3/250" />
    <text name="Mouser Price/Stock" originx="0" originy="0" style="Default" rotation="0" justify="" flipped="False" hidden="True" data="https://www.mouser.co.uk/ProductDetail/Texas-Instruments/REG113EA-33-250?qs=sSOk4GDDv7xPko1XdFasfg%3D%3D" />
    <text name="Manufacturer_Name" originx="0" originy="0" style="Default" rotation="0" justify="" flipped="False" hidden="True" data="Texas Instruments" />
    <text name="Manufacturer_Part_Number" originx="1050" originy="200" style="Default" rotation="0" justify="left" flipped="False" hidden="False" data="REG113EA-3.3/250" />
  </component>
</quadcept_library>
