<?xml version="1.0" encoding="utf-8"?>
<!--/389276/657123/2.49/2/3/Diode/-->
<quadcept_library>
  <setting unit="mil" />
  <textstyle name="Default" height="47.244094488189" strokewidth="7.8740157480315" charwidth="47.244094488189" />
  <textstyle name="Dimension" height="19.6850393700787" strokewidth="0" charwidth="19.6850393700787" />
  <textstyle name="H127W0635TH00762" height="50" strokewidth="3" charwidth="25" />
  <textstyle name="H15W15TH02" height="59.0551181102362" strokewidth="7.8740157480315" charwidth="59.0551181102362" />
  <padstyle name="r105_90" surface="True" plated="False" isvia="False" nopaste="False" nomask="True" complex="False" holesize="0">
    <padshape layer="TOP" shape="rectangle" width="35.433070866141" height="41.338582677165" />
    <padshape layer="TOP_SOLDER_MASK" shape="rectangle" width="43.307086614173" height="49.212598425196" />
    <padshape layer="TOP_SOLDER_PASTE" shape="rectangle" width="35.433070866141" height="41.338582677165" />
  </padstyle>
  <footprint name="DIONC1608X56N" originx="0" originy="0" pickpointx="0" pickpointy="0">
    <pcbpin number="1" name="1" style="r105_90" originx="-31.496062992126" originy="0" rotation="0" />
    <pcbpin number="2" name="2" style="r105_90" originx="31.496062992126" originy="0" rotation="0" />
    <line layer="TOP_PLACE_BOUND" originx="-59.055118110235" originy="31.496062992126" endx="59.055118110235" endy="31.496062992126" width="1.9685039370079" />
    <line layer="TOP_PLACE_BOUND" originx="59.055118110235" originy="31.496062992126" endx="59.055118110235" endy="-31.496062992126" width="1.9685039370079" />
    <line layer="TOP_PLACE_BOUND" originx="59.055118110235" originy="-31.496062992126" endx="-59.055118110235" endy="-31.496062992126" width="1.9685039370079" />
    <line layer="TOP_PLACE_BOUND" originx="-59.055118110235" originy="-31.496062992126" endx="-59.055118110235" endy="31.496062992126" width="1.9685039370079" />
    <line layer="TOP_ASSEMBLY" originx="-31.496062992126" originy="16.732283464567" endx="31.496062992126" endy="16.732283464567" width="3.9370078740157" />
    <line layer="TOP_ASSEMBLY" originx="31.496062992126" originy="16.732283464567" endx="31.496062992126" endy="-16.732283464567" width="3.9370078740157" />
    <line layer="TOP_ASSEMBLY" originx="31.496062992126" originy="-16.732283464567" endx="-31.496062992126" endy="-16.732283464567" width="3.9370078740157" />
    <line layer="TOP_ASSEMBLY" originx="-31.496062992126" originy="-16.732283464567" endx="-31.496062992126" endy="16.732283464567" width="3.9370078740157" />
    <line layer="TOP_SILKSCREEN" originx="0" originy="12.795275590551" endx="0" endy="-12.795275590551" width="7.8740157480314" />
  </footprint>
  <symbol name="CGA0603MLC-05E" originx="0" originy="0">
    <line originx="200" originy="100" endx="200" endy="-100" width="0" />
    <sympin number="2" originx="200" originy="0" rotation="180" length="100" width="7.8740157480315" flipped="False">
      <text name="pinname" originx="0" originy="-10" style="Default" rotation="0" justify="upperleft" flipped="False" hidden="True" data="K" />
      <text name="pindes" originx="0" originy="10" style="Default" rotation="0" justify="lowerleft" flipped="False" hidden="False" data="2" />
    </sympin>
    <sympin number="1" originx="400" originy="0" rotation="0" length="100" width="7.8740157480315" flipped="False">
      <text name="pinname" originx="600" originy="-10" style="Default" rotation="0" justify="upperright" flipped="False" hidden="True" data="A" />
      <text name="pindes" originx="600" originy="10" style="Default" rotation="0" justify="lowerright" flipped="False" hidden="False" data="1" />
    </sympin>
    <polygon type="polygon">
      <point x="200" y="0" />
      <point x="400" y="100" />
      <point x="400" y="-100" />
    </polygon>
  </symbol>
  <component name="CGA0603MLC-05E" designatorprefix="D" height="22.047244094488" footprint="DIONC1608X56N">
    <comppin designator="1" sympin="1" pinswap="0" gateswap="0" gate="1" group="1" side="" type="Any" name="A" />
    <comppin designator="2" sympin="2" pinswap="0" gateswap="0" gate="1" group="1" side="" type="Any" name="K" />
    <attached_symbol gate="1" name="CGA0603MLC-05E" />
    <pinmap designator="1" footprintpin="1" />
    <pinmap designator="2" footprintpin="2" />
    <text name="Datasheet" originx="0" originy="0" style="Default" rotation="0" justify="" flipped="False" hidden="True" data="https://www.bourns.com/docs/Product-Datasheets/CGA-MLC.pdf?sfvrsn=65" />
    <text name="Description" originx="0" originy="0" style="Default" rotation="0" justify="" flipped="False" hidden="True" data="Bourns CGA0603MLC-05E ESD Protection Diode, 2-Pin MLC" />
    <text name="Manufacturer_Name" originx="0" originy="0" style="Default" rotation="0" justify="" flipped="False" hidden="True" data="Bourns" />
    <text name="Manufacturer_Part_Number" originx="450" originy="100" style="Default" rotation="0" justify="left" flipped="False" hidden="False" data="CGA0603MLC-05E" />
    <text name="Mouser Part Number" originx="0" originy="0" style="Default" rotation="0" justify="" flipped="False" hidden="True" data="652-CGA0603MLC-05E" />
    <text name="Mouser Price/Stock" originx="0" originy="0" style="Default" rotation="0" justify="" flipped="False" hidden="True" data="https://www.mouser.co.uk/ProductDetail/Bourns/CGA0603MLC-05E?qs=wVGympPcmnDdVFdanUpNOw%3D%3D" />
    <text name="Arrow Part Number" originx="0" originy="0" style="Default" rotation="0" justify="" flipped="False" hidden="True" data="CGA0603MLC-05E" />
    <text name="Arrow Price/Stock" originx="0" originy="0" style="Default" rotation="0" justify="" flipped="False" hidden="True" data="https://www.arrow.com/en/products/cga0603mlc-05e/bourns" />
  </component>
</quadcept_library>
